Policy,Avg_Latency_ms,P95_Latency_ms,SLO_Violation_Rate_%,Avg_Carbon_gCO2,Region_us-east_%,Region_us-west_%,Region_europe_%,Region_asia_%,Carbon_Reduction_%
Latency-First,91.0916417058738,161.74370658563623,0.2119047619047619,344.19969658298766,49.9,0.0,30.058928571428574,20.041071428571428,0.0
Carbon-First,156.9634064969869,258.630440199251,67.92083333333333,149.96919101298454,0.0,0.0,100.0,0.0,56.42959813684016
Hybrid,156.11251106074317,258.44614522380596,67.2547619047619,151.52149726849754,0.0,2.3583333333333334,97.64166666666667,0.0,55.97860812408787
Constrained-Hybrid,97.04197958924746,190.94425954887015,2.883928571428571,321.8814576765691,34.86607142857142,15.03392857142857,30.058928571428574,20.041071428571428,6.484096043076428
